image_name,noun
371a1832964f9b8f6728458bb840be20,accident
37d6c08b519955a63aa2e084efad24,accident
c6ae6ec03eb32a253cd215173ee56e0,accident
40898dab89c58f22dd226b50945c6ce3,accuracy
cc616c558ca523fbf37ee188ec1dcc2,accuracy
d89d9893cb942420d35fb7101aecbc21,accuracy
296ce72377613b759b613429ab5a4272,addiction
326177238d7e513953c514cda4a2baa,addiction
cb4d3b01c41dee76e1df9d266c0aafb,addiction
ac2dfea54541199765898feffbd7e7f,admiration
b6cef823aedd154a697cb4fb49bb783,admiration
bed076d523f29599b6f3dac1676d3e5,admiration
75e40d71cf1c02bbbbf223edd86015,adoption
7f459b3471d2e8da1eb3f91bb1e8e76a,adoption
b312a9e5e2742d5165dfec2f76975968,adoption
7126a01beac9c5bb286e7189010ce66,adrenaline
caff16b36768c55279939f13bc1f377a,adrenaline
f972a1f9f31d42498d917569bdb12a2,adrenaline
1a12584f9932587fddc2fd8a5d0775,adversity
1a8884fb33469d75bc785f1b6dc54c53,adversity
6764f927ba6fac9ae0769ea4fd21d512,adversity
662167e0725c572c7aa2513d7675dd20,aftermath
6bffcc560dcacc0acde99ab71f2628a,aftermath
aeef12217d5d42a4c817b67e7f079ae,aftermath
1989f621ee2df199676294635bcd27b,airplane
ba92659c1a98b6895c4e866b77d8b519,airplane
bd29fa1cd11c75dcf670a153fa23e3,airplane
40a8ef1983211d2fc8943b24e389b5a,alley
4ae5deabb38991776050c3708dee798e,alley
f3d96498baf82a5d054fd83b4fb9412,alley
1a63b75998b26790881b3bfd3553bf1,altitude
547569f9881cf2b430abc9f7593dfa19,altitude
c3e3f528854d175a814c93207ceaf718,altitude
56c3178cf5927bf86df86163489d72d6,amazement
b265dac5b2c01468169aaa9bef4bdb0,amazement
be7b80355a2538f05281cc73be165f,amazement
5819a053b013c7de697891d3693bff79,ancestry
b464cd47fd891fdfe8cfb1b4a53fb4,ancestry
f82313757a21ef7b7d19790fa909580,ancestry
7ff6853ee24bf3a8751c5df955e5c8ac,announcement
8eb23ad1979ee0d7d743677574c60,announcement
d7efb26ad60fd5ea9adfcf98283c5a2,announcement
48d3cd1d5141281eb5e5206bb3a244d3,anticipation
c52cbe2efc512119407b287384f36417,anticipation
c6e5a6cfcd1fe83549817ffaeb486eb9,anticipation
329f5c7361e02ad9a0678fd2cdeeb93,apartment
4894915f6a2e1dc5fcb7aad94abcd61,apartment
ec349c88697e22c3193a3570fc91c9c9,apartment
1b1396fcd94b6fecd4b689b841794d,aquarium
a696aa71b5f5369dac9cbafd54b743,aquarium
bec029e61ba6fca8f86187ab8aed695f,aquarium
37a2b9e89779e8e577f9e09ce466aa59,arrow
5f29d2bc229d4e678fae552d9ef356,arrow
f216975a42731fef42a69ba2ba869a87,arrow
2e36b7c185637f306055f2bbced53b71,artisan
aa3efd886a56084cd77a6d963804586,artisan
dd3fb98d52761938fc12d1a3cdfe032,artisan
2ba7b57d1e1252e3bd8c7be133a73ab,artistry
55988f4e12676c37cd0d47b71238aca,artistry
db9272a9b2fbed9b3c5d1641e6a266,artistry
342444a2be67e66af86173ddfe6ec0ef,astronomy
3a8279319baea9e1dd3c110bff9786e,astronomy
663cf98f1b5f23f56baac165f76811e,astronomy
7c1440f649bc663eeadc181c7cb9c32,authentication
a2d165623a0e94a112feac2694d2949,authentication
ebfed0a05c38c871be2e6bfb471047,authentication
1828abe4de31ff1e45c5d433c759692,autumn
e568f480e0d4c2984d90e4dcfe941492,autumn
ec891916495a8e043bef1d82b32711,autumn
1275ce6ef9a19db0c060325cc2fd4be,awareness
45cc877238f9fb177be17be584411525,awareness
46164841f6ad382c2cf77b73d378d16,awareness
55f974958be2c0c188faa1d56714cd45,bamboo
9a1471eec55aa5f55c5f5f5ef72f727,bamboo
c0be32dd8baf6b18d6efaa1204a6b99,bamboo
297687faca2e9c1625c5fdabdb4a05a,beach
77f25f294f864ec74f93570178d665b,beach
b419b5c7c46bfd4cecea764e6ef47463,beach
4d97c3acfd794210d8d941e1cabc,bedtime
a01d1fe30e4cce5df409a11fbaf03e,bedtime
db4e0401420581fa6b2894a9568fa54,bedtime
2eced8b2128662e8d3a1a92f7079f6ec,belief
40e6c8b0195ff7c026563d45e7e2477,belief
b3d7bf381f8debc947c232945931,belief
5a79ae73a55f34a46f8663a3829a1264,billboard
d4dfa257b9675e3b394f7fc3226af75e,billboard
f9c99b95e54b6a6467f7756fc987b7c5,billboard
22c224e7bb82e61671cee99eaccaad,bliss
af2ae9168b48e560e0feb723778a170,bliss
bcf0ac81f6706dc98e5afbc4fd2523a,bliss
64dc16667347172e1813b373f62f4a0,bonfire
bd9c2eb5e4cfd71e11b751da6956b,bonfire
e3cdec5c557c73c96ba7bded245f84,bonfire
0d43ec1d11b7365a2025297921bf45,bravery
446cb9185912c9233e16ae92c3fb8ec,bravery
65445bda89702a623c85abbc64aff57d,bravery
32feeb9277efcebc2d15a9addeaa097,bride
3cdc3fe55b53bb7ebe0d0792b596bfd,bride
929f679711abd748b23a6bc2196d94d9,bride
3823e13a5ac0d2515ddefa8edac3b2d0,bulldozer
b2df2950e063e1419bf55576b881e010,bulldozer
b830c5534dbbdcea9ec2a59a773f6ff3,bulldozer
36d43dc8e415679f684c1b238f8d4fdc,bureaucracy
bd7b677d826a776929fb243b63bd124,bureaucracy
d8a03e5d1f4e3a749ee4a588c9e8db9c,bureaucracy
44ca39f28f10ad7833eb7f813e10f06,capitalism
52f0737ec42722653953f66c7fe8d6b,capitalism
8db741b46419d9c13f121207d1fc025,capitalism
3cabf58784a4f55e7abb5105859abd,captivity
4844a5f562374ddefd9c969de28b15f,captivity
5eef90d66eed3aeb5ce351fe1af5bf,captivity
1ad3ece62865c2877f796dee3dae2a4,catastrophe
1f70cf18916f6336bce43d84f6a44b3,catastrophe
d8d09369bfb19db4e08b3dca49f758e,catastrophe
457fb5faad69a19b444a1a99808f1c79,censorship
68238a1a37ff9f7afbed7da1b449773,censorship
f119dfcf7b2927a70b936b24962932a,censorship
160e350cce69080b1d773aa2d39e4e6,census
69df21caadf286725150a91a74d41,census
732822834884deee986c08d47222d2c,census
0ab2de6e9d9a397b4c853f26672d11,chess
92afaed5bf3359ea2204d4b62e2becd,chess
dde3cda6659ad7cdeb73e5726a0a4c,chess
1535c3eb27d8c9aeb890fc538826bd,chick
4e97a07e8dba317c9c2e7e22d913fe86,chick
be62621d0683849fd8a293a3857a1e7,chick
48954762d86ef4926b9b12f9ad07814,cigar
8471ff3647bb7ec2e358014b371c773,cigar
d6c13fc42dd86e598cc321c16b9eeaa,cigar
421bb1513fc029aaf4d4330172cec,civilization
429462263eed58a4821d7ed55e3168de,civilization
5c4b0f7f0e83bcd2d1d1e651ab28ba,civilization
26a498bf2eae70c8f52c9bf97f8f2bcd,classroom
b99c38c96a325ba9c355e215764a332,classroom
df4149ed9a1ebdb0a5d58af936ada33,classroom
516d6b241f531de5266ed4d4591e394f,cleanup
c6c4e4c2f52c49c0f629cda9f657f351,cleanup
dd4ddbb1432338344e9daef4ce4c4413,cleanup
38ffc511217683261d75ba18f97377,communication
7322cb1c53f271fe58a4136c85723d0,communication
7cfde084e5682e3ee42d4dc186a0334d,communication
456c7ecd1c6648a338f32253821fda1a,commuter
6913999a3ae803dae513f3b432173a,commuter
795762b87b848092cdb01a9286b471,commuter
3e52c0ee9c88017474fdf723ac2e1fc,comparison
a4c66efb88df49035e7cbbd88d384f,comparison
f470d3c31ea0eb3211a3991156ea5b63,comparison
c519b10fe606f426e7db861d6c5cae,compassion
db637529955a57835ed19a7d65de8c83,compassion
df6e6c7093c547b7dc75acebf143666b,compassion
18913e17785cf49f4293692fc1935d,container
d324194cdb88fd829ecf9f2a1bee636,container
f27c58b5cf9782569d5e69b3c397a31,container
1fd848d4e7f2a6e0f58bd97f23bcd90,contemplation
3441db60bd4eb726d9407ace6fcd688e,contemplation
9f5370d04ec9f0312a4f72937e2fc9a6,contemplation
14ff527f68ab1dfb73ee275470f24d99,countdown
4c86ab3fc6a984ac51ecc891bbb7f9f3,countdown
ab056c76fe4f094154c1f452d33a7b,countdown
22c9267d5dd02888383de79c79944a7d,courage
39953beb527ce9f1111cefc746b1a2,courage
8da8fc0c74dbcc9de4fb7ba8608a5,courage
2f6565f886995cc37c10df7a288a6,crayon
b82e7567d5414d5de0c21194991cc16,crayon
ca8db1ee74c9ebc2f9f84bea1e469f,crayon
7df7ff4e2025fca4c713d523128227e9,creativity
86a5c336311a87f3efbb541bea887c1,creativity
90b3204f50cc8a8347a3de2d96629d5,creativity
781675cdb32a7fb47db3d97b1d65123e,crime
a93a4cf8cc338ac66ef47b65855fb0,crime
f8e433807316ca3bd8a439c0151d3aff,crime
ba9499bf8bc5e2edbdabfc5e3609fbb,curiosity
ddd831fdf8c81a9b9ec61a4829e6ce49,curiosity
e4d97c3b4a985fc628ab632e77c33,curiosity
262a01a37a9b3d7ff18a039dfbbd8e,curvature
7a443beb46982706237f9bc660af2b,curvature
ebfb21c062937284b3c85b790ec67f7,curvature
196b2b6b6f624effcb50d6273edd406b,cyclist
7443d0e8ef58b9bc1154ae7e174b60b2,cyclist
f593555c174463b21794c6a9334529b,cyclist
7047797e3eeabdda1ca532cf8b7725,deforestation
8156bea6735cbf85241343da467cb6a,deforestation
fcefe918245fad11b6f987775ba4e14,deforestation
9543a5cd72a1187fca49f9c9a5923f,democracy
cae37d611938b7b4e15eddf0638fdb8e,democracy
e3169e6c6d1da0aca98df055e11bf6a0,democracy
2b1d692b2f1fdb12eca0c32ef7cc21,departure
8056991858e1fce520e5c76c3ec2ef,departure
c867e287661f8f25b6b4716942224e,departure
8374fda7ae691f93f0b0beb7cb5fae71,deployment
b93fd7a4183d6d61ba63de55e5e416f,deployment
e923c15887de75db384f02417aa9026,deployment
4da757cdc6ae98b7661df983240c1bb,desperation
97bacbea1564fed541abcd9512b9cb3,desperation
e43ba052efe8fce11c53da504990d690,desperation
722ef8bdcf722f41a7f05aea3160cbf7,disappointment
abb7436197af17f8b0904922a8593df7,disappointment
b4a8f4cc47a4be2a92b3194bdb26ef4,disappointment
31b1961569eefe2b25dcb5dbab828b3,discussion
58daac884aa19326477aaed20938230,discussion
6a92392261119a32d29cf2c77c079b,discussion
47bc3e4b8acb7e44ab5a52dc5959ff,district
b2095a6465054e2d3a7f649e6debdcb,district
c7966049ea4c56c9a1c739c8c3e32741,district
6292cf2af6b2a9e38ad771e1263cab7,dolphin
9f7eedfb3447c6f1695af54fabd395a,dolphin
b758797e6abb602ce4576eff1ef,dolphin
33af3969583a484a1bf9ccaddceb9ae1,donation
42528dc3bc76e7cae27869d25461c49,donation
b3948e5fb7875f5bed500cf5c7d99ce,donation
8ffedf4cfba9b42f6f5d6614e24ac1,donkey
d57b9794d6b4f0c0b03c816dd416e22,donkey
dc597388c438a1b48342825f3eca7a0,donkey
69916886b8272a4abf554f9d4c8f7c5,downtime
6fdd63184492fa1ebaa4b49c92713236,downtime
d557395fd288c09dcf7cbf6db9257c72,downtime
26f3bdcc909f38505d4f5afe4603024,duality
9e2721d1fc3dd479743098b4f450d34e,duality
b42aa95a44646f9acc769ac2e7ea76,duality
2c1934cff35a491efbcf59b3bff8144,economics
6426d9c8762ad5b03ef9777225281586,economics
7c5737f9136617b69d168a35239da,economics
33664826e4dfa5375fe0a37c40572f5,elephant
4d7e1bfb779df2601a447c7aaf6f732e,elephant
7086ff289c8b5b6b5173cb516e6f508c,elephant
2bf7fc8e4e45922e9c9ca6496ab8221,encouragement
4f288c58184da517f26b5114d9fa52ff,encouragement
c18a8dfa4ce82de23851cfb02f67ef96,encouragement
1656ab264ba7b242cd409b24203989f1,endurance
6a9415ac933d1914509051bc935681e5,endurance
abc3efcc5ba1557dc4e388dee341683,endurance
1ce56c4b35d2a684252e43720aff18c,enlightenment
2ad4459deea79799be63829bf2d0192d,enlightenment
b2d01266e47938bc1b7c6af976d840,enlightenment
446c1d5c87781745ab39887ed63a5e42,entertainment
4d5f3b98de4520116a98bc5a7acec76,entertainment
604be7bfc4ceeb3733f54dbcde75b9f,entertainment
382352db1aefeba1e967dd405579495,escalator
3c39da2d911719b3645d308c8525465,escalator
43da139a36ed92ba2e178b5a8ad9889,escalator
46e7ecd7ab1e175d1f1aa494f45034ab,eternity
61c5fc5fa662224754302fe25269a7c5,eternity
8eb297782312c57e96248dc062811ed8,eternity
c578c09617bf80e3206fb2a46d1ec,evacuation
eeb4237475a9cf8aa5123bd2faa490,evacuation
ffa7f245562ff83b73c93291502752f5,evacuation
cbfa3f8ce4b1146f23a2c6697b5a5e,exception
d28f44951abcf1ba47af2462da89f93,exception
e96d2fe81f446bddef9b17f04b3f5af9,exception
6890eac94ba3e1f7e4e958d2409ae9,excursion
d5fa89d8f324a50bbcfa4e8cb233a3,excursion
e7fcdb45b863afc2b13f8415693c6b,excursion
27e3d5e3f9dcfd6146c184d946f1385,explanation
6cf1bb517e3f0dadce9d2626604636,explanation
b75e1bf5687ebe5f758f241cf96e3530,explanation
1a7f5118b28f4195e2ca47f64adbf0b0,fairytale
466a98d89a6ec42dca43c5217aee71a8,fairytale
5c53ee99c3428a5ba0722cf83632c724,fairytale
68a5f0ba60b2f789e32302f75b7e1c1,fantasy
b941d5409144472599c74a3cc0773468,fantasy
de5edcaaa2d4e5109aa772b2b5add8c6,fantasy
7d7fc10b93368c14983a6efc8171f,finale
83af8a986c432cdda6a41e6b6ef416,finale
b8562783929cacbcd784938c2b8586,finale
267cb998267a6f868e3b9e688ea1968,firefighter
89cadaab5ed05b0319ce4ae6936fb63,firefighter
9687d79c6ef48efbd87a887348969b3f,firefighter
53189ba5d034dd53a7f3a053b4d89c3,firewood
66f94f2449e2ffecb2bf962c90d49349,firewood
b5af19aa3ec967a6710e72543a449f,firewood
8ecbb27bb2e3be247d298032cbfc1bbc,fitness
93ced1d7ee32b1562a6440e7c3bbe9fc,fitness
d5f9904ccabe1fc69188e5ffca434c6,fitness
4ca62560de88c19f94136b23713518,flexibility
65e627b89d48c3596836c938f21e4da,flexibility
68fbabe38e5e5c455a347224ce479f,flexibility
82ce9ee4672515f57af960babd4a8112,footbridge
a2727347a8c64411a1a407fe12bcab5,footbridge
dd8012a076de2729befdaef383fb12,footbridge
710dfe87c9ba3d0f2afeace9db8ed6,forgiveness
c4cc91a1d28f29ababcab484bc28564,forgiveness
fc3911b0e4e8f253374d799acafd55f,forgiveness
31817e4b62646f7cb944220e12dabd,fraud
a2f33baddbe3b71d422b6220e59,fraud
b7b019c047c7d4e19916097902a61f1,fraud
431aea4c2b76975be9d3253c55c849,fridge
ad6a319c4a80aa0b4adcdcb686e2e5,fridge
bab2e7e79275a4aefb227fbb1314e81,fridge
1627c5534b42b258f1e6da9e6d2ca9,fun
afe0341ea0c349bbcd4d9f4a53e970ba,fun
f7e2211f209a4345f327fc3ae4920af,fun
9213bd77cec16d899670b82645fbe69,generosity
9af5e47a581c21cf77b89ca18187de0,generosity
ea1db8126d197ce82322b347aca97f,generosity
329378299efc5d48aa3f46f8323ac29,geography
6d60ceffd59c3e68a9f792307871603b,geography
93abef83d3522a51226ceb0987d2d67,geography
8e99fc4d7449f0791e3aa9d9f619684b,geometry
c42382d7446ea0ec702d79335ea5e1,geometry
f31e50966852d596d2581815e5182833,geometry
1dceb50c0848dc26561b9d3be78a83,gloom
6d9c4122b6eaeaf7ba8379bd32ebfccb,gloom
cabb8c1469dbd2e749b3274cfc978ca,gloom
123137a135234466788c30506c814e7b,grenade
6628d93fa121e654b2b9f50ab874632,grenade
ddaeeeeb21fa935668605f88618c2345,grenade
1c56bb7c2dafb0ba842fabf4d2ff6de,guitar
801f9f4224f140574b863c7ca023bbd,guitar
9848e4c358ac12dc26b38b26dedfe9,guitar
23cc42d83347731f41174beb8bf6352,hammock
a12aa87c3b2139cf213a20642f88ca,hammock
bd501bc36907599ac9bec525d04268,hammock
0f932b0bd1c57f480fadf45fb73c7e1,hardship
84842bfc8d6c824669e1334539797dc6,hardship
bdf32fcc6c8fc7649055bd828e6398e,hardship
1be7daf7f66f1111edfcc3f6ddd9d99,heaven
695458711af8984c29503f48413c8b43,heaven
ccf49f848a6ec05ebf7600de343,heaven
79ef63c1d177fc65e8509570a51889,helmet
dcc5b66dffe5956645e9dacdd9fbcea2,helmet
e7c4367d67620e3d39f30b66c9d31a8,helmet
1b467593fc046c457924e3b1c93227,hobby
51483e46b5e33f3c9273e7f62308a,hobby
871bb6aa812456da3c9320baa5d75,hobby
9af19a290225d65b5f7f9e3584d5b67,holiness
e73d73555295955f4a6c3eb6ef7d8c,holiness
f797a181fd9c42e08105cc4516dba9,holiness
649c1596abc45674eecacb662b9a99b6,humility
dcd63b7a7bdca0b89434b4fd67cb9ca1,humility
e67752a6719c4a83551225132ead5dc6,humility
1837ab214078ad2410d5f41b712dd3,iceberg
409caa5ea687dc87c9314fe5963d179,iceberg
e084768b2d996c6b3080ed52889d85,iceberg
847bbee7e78bf8f6684275b7166699,identity
993ac66829f22ae3f2a7bfccca22365,identity
a56a73fe77cb9dadff5ad3aa9ea77b9,identity
42c35fe558848234cca910f34bfbc051,ignorance
79799ada4e49edbe3e6b4c664f1dcff5,ignorance
a71afdf15eda96f0c61196bbb8639c54,ignorance
24738e8420791bcf28fd9ab68cf89a25,imagination
7275be9f38953061e599f19a1325378a,imagination
8eba697b4d05da259f5c5a3bbb18eb,imagination
99f537e36d881b70f3b441cb79a1f9a,injustice
a22ffc1fe25516659f556427cabdcc6,injustice
aaa1ecc33a95d46da9975345c2c975,injustice
a5451877cc5b64290b1a3bf78943d,innocence
da5fd20fe60db7fa6f6cd4d07b99ae,innocence
e4635b19b4bd22c71b62fd2223c3ada9,innocence
2c63552d902d8772f2adb24c38f7ac9,intimacy
3f3910f8ac4395b3ff4a2dc54dfb651,intimacy
efeba485779651e2a31ff62c34b4e3f,intimacy
33a662e8e334a2e537f6108bbfe792c4,intricacy
7652b0fb2e174914972467f92425737e,intricacy
b443f3c41e8bb1dd7d2d23da145efb6,intricacy
4270e46a977381d7b389af01e2e6f,irony
966c889c51a541d5b3e914f09c89bc46,irony
9fbcc7e9cbaa87b1f894cda22474672,irony
79b6f61aa8d72bffcb2caa83fe762923,island
7f687160625b4710b7f2240d92365e3,island
fde042bf96a2b1fa46884dc15ae74af2,island
34f04e9f2bb183ada55ae5ae142ce6d,kayak
5c67ce4643342128d8b363ec726e56,kayak
a7d5fe689462a1d6c8a56513ab73675,kayak
214e81a68dde89589c62843b6f6cb8,kindness
49673da3cc659dffca2b82c87e9c075,kindness
ddbb4a7f14622ce6268e2af4c727c413,kindness
7e46926f7d2074f4e736e3e3d87e122,kitchen
c24a16efd68524784f432866aa824ef,kitchen
df6225357d39d65a336bed3d136bf76b,kitchen
4544d54c6854df1fc792650993cc77c,lamp
a9ad07965192dfa50654de9d7ca5e14,lamp
b525505617fdb63aa3f03aafe786c3a,lamp
667609c6b9dd94c8cc6f98718e048b9,laundry
82468bcc71a9caaff2c3ff2acd353ac,laundry
841577797933283deaae3818df2976,laundry
45f8b881fdf04e73e7c6a198b26e6c5,legacy
8afc44a437609dd7fcca7350aad43,legacy
dc1fe890aaf8e46d9b21ea6a91ff3381,legacy
67c72989fa98b17109f445fb7ceee98,legend
a9951b84804f1642ef68e22ccaf8cab7,legend
fb87f5c32eaaf174c8222d57a5822f,legend
7aad63efca70c952a98fb919caee3b76,luck
b89c7358e9a79ee0d6fa13defa52b625,luck
f62369c3988ae3a211354546f1bce4c0,luck
8ff0b0f543175a9bc3fc66eca149293b,malnutrition
b836fa8a9a36717d7fe261fd26fa2b,malnutrition
e91f2423ff53b2e179bb9ee0c4db7887,malnutrition
207788fb92f9b85094fd65fc31f23f13,mango
2fcf9656a6a623c7b8443f9c4da3b35a,mango
6e781dfda4433b8deca93097ba3f3095,mango
72dd97bdd0bc825e604049d6a7abc0fa,math
e3bb83a569802d95b518c42dadcf49cc,math
f7748c678333bad28d48a3b864da63bc,math
b949437bb145a7e776cbca4e276efad,meadow
c7ae127e1fb09c439e1f6d19de9568b,meadow
e375f2a2c573d59c7d27aa238707af4,meadow
8c3942ef174aa9ef96ceca5c78e6bd38,measurement
9274586efb02beab2ab3c52966c676b,measurement
d27afb391fd0a9c891b1152ac69be08e,measurement
8b43b520882fc543594fe9fd7e5f53a,medal
b4d8995ef242de2698a23f6e189a48f,medal
e95f36a2d9c1a2df2ea9b97668641469,medal
428eaa29b3b3a015ccfe9b8a2fa60d,meditation
95242da059dcd34a8ad623d3387912,meditation
ac98178a1b8e6b5f3e0639f45e37970,meditation
185dee1b36bb30f6cd983d90aa124e51,meteor
68281568767d51e817561716f796731b,meteor
ca7b9c4f5982f318589a9f4ab875a95,meteor
632a92ad24286e59f382b4ee3127aa54,microscope
7311ffac41e358acc0d6b7701570f75f,microscope
f105d607c27bc1613c1a83268c8a,microscope
4c59ba7abb62539d59317276c8a9ded5,mischief
9ad624584615c7277a9d9a6e17e24fd1,mischief
c58886f810b687d60dbada4632b73f8,mischief
7bfba52154f3f61a5c10253a6b25b3,montage
873f77beb84465abf86eb0481ab57740,montage
de6a7ac423e197d5dd6335fe6ae4ae4,montage
319c1bcd125a8a9f27baeec9c1901e,motherhood
c4150644f1374dc1068def65d41ae7,motherhood
ed3a4633a69d2c15f6597749118eaea,motherhood
9e8954f09368284fb6328eaeb6895b64,motorcycle
c6ef3278e61a1b4fa1eec4e48e4973,motorcycle
d7e4ec32579fb16ade6b4fb8281eec3,motorcycle
53b226c2148ee99ef4c7eda6e3ea42,motorway
b3a3b590721d841c1decba7bb12d73a9,motorway
e61afd1b7b506cc5dc33e6c75d16fd1f,motorway
6d7bbe2b23c4ccefc21a9c96ae6b7967,mountain
b4b37aa812a2febfed43dfa5bb7553f,mountain
e9f7c1c758cddfeaae2ba12fdfd29d4,mountain
ca1ab2d83dfab6e85f4fac82e6b22d,mysticism
dae698c389930f455312d3946e0dbbb,mysticism
df75a18922b3dcf3251b6507424f2d7,mysticism
94beeda7aaabbe19bab9b37a830c4d9,nightlife
abb898bc997d8ac23295c87c4b88c0e0,nightlife
e01f54de1563c18febf226bd31aa0f5,nightlife
97f97432add4593dcc83c12c4f9527,nightmare
98b7ad74fe90d79f22e5ca305cd27d,nightmare
d7e92a86c1655ea79f3e133ea8c72c,nightmare
1a356c1be8b0c27bd89504de038c2a,nostalgia
519f452774b403a5630d1d6adea17a,nostalgia
a78ff8f92eabb80533846f26da96a8,nostalgia
1177bbe6d625aa1f4d862dd96931b22,nutrition
175a5705540fcc8ac63f9685b64fe6b,nutrition
c673138d751fdb947198834f392798dc,nutrition
5a69acbf56fdc8bdbd82d2c914259e9f,oath
80a06c893bdca333f060733c8a9c060,oath
feae3c87bfe684de6787ccc75b112c4,oath
703a4f1a2a604d67d04e79ef0fc8b5,oblivion
b854bdce89b8c654be244b2ef448837e,oblivion
f8957871a8636d4726cef47ddf8924d,oblivion
2ae4ad35d7bf508c192abc354ea79f0,ocean
6aa49c638dd97f38353f74e6d055592f,ocean
cc26596b3264d13fc27816d0a3d49a31,ocean
53b4ac5bbd114f3eca27ff19f224a7f,opportunity
5da72f1a67fa5ae41b728382c9027e1,opportunity
6325dcef2483f8f4f8e78d2f0d1d156,opportunity
46ab7fa721658c754c9b2790a01433,orchestra
752802b782c0687ee3278412d2add1,orchestra
b9e1ca5458a76887cefdc6d4291e9fa,orchestra
3811ac2522b859c77dbf1f3459ecb8f,owl
a2276846b6d8c5fbaeb620be1fc2b8,owl
e198e8ca43e4924f1b74f189c38cae5,owl
14712d6b3226833072d45c4e2a963f0,oxidation
99c374fdb38f2e2e6ec899f934258476,oxidation
9bb679ebc9303294948ea4d2a0797977,oxidation
38a4bc525de9248b3fe6e5d2a429fa29,patience
d45b2d35e670719c2f1e9a75a94e3da6,patience
d67192af522a1067906cf5c0bb6d57e,patience
9f76ba964b482e3d60297365e2d6819,patriotism
b8bb2953c57a345c3a1d2b49644287b,patriotism
e2d1e6d6903adb1e314349e7552fa150,patriotism
154a7680f0f0bc494fc3a1877cc3abc,penguin
53ba64a67d2b789b2ca1ab2bd0d637d7,penguin
d929f626d272bcdb1fcca798e16a74a,penguin
16fba8feb39e51fa143526d9dcf3a53a,perseverance
2337cbbd335b313e105d30aaa3fcbc7,perseverance
78a6fab0e4bbcff5b112715f60e14a,perseverance
d202dd9ef68c9185fc61ef5f627ce55,physics
d6c18f69176bffa5fe3aa3b713d5396,physics
f314f43fdd93ea69d38373dcb043c6ef,physics
1cd24b72de8b2cc7c41653ea7029e72,piracy
5baf5ccea91a5bc7763eeb7bac4f668,piracy
f6ef10c6ffcbca4f4f7d2272a4ac0c,piracy
33727ef69dd154fff5ef45f4641f5e,playground
96ca974a80b08b5dfaec5de3a95fde8a,playground
a1f147835fea78585ec9b09ee8182b79,playground
ba684bfd401d0970e9c0faaa5a2d8,policeman
c527342d3b28f0da0c01b3041e98da2,policeman
dc44c5dba6e51303c325dd3dff4abbd,policeman
3a98ba28f7e8a7b4506cf046a59ab94e,pollen
a8505f9ebcb4783f3241e22442d6bd4,pollen
e3f4f5ad37cb355f35e46ffe040e951,pollen
2ea5f412b964ea1e4853b3e20eba612,postcard
5bf34fa01b55bf454b6dd6af7da9f68,postcard
666464539efa64465e6d03b5460b464,postcard
5ab5a37efbf24ca8d3fe473c9c155dc,priority
75a3a4237a5a92eb5427f7e57c20baf5,priority
d5db178b3452c6e17ec554b8325ea,priority
329fff4515d7bde86584b79814ada5c,privacy
85f08d32d1eaa5677a9eff7446c07b2a,privacy
b790ffea609d972256ff8eaeb259fd42,privacy
178a98e6a8c28b3dad531bd551aca68,probability
455b6d74d4b5c3d4ee47af7d42c98bd,probability
903c4e9331e687bd356ecdd3116b42,probability
7372947b5de371e261889154751d2c,procession
78f9fb521802a3438ee68eeb9b47925,procession
aa3c2967afeca122f92787c70bf5b5b,procession
77d7ee98df04adfc478e94efa55e6f,promotion
979e4c80e56a79b554c9e351848228f0,promotion
fe58c7363585b4abc9daded9cd3fc88a,promotion
8c76a5f5f334c92fcef2b6a9204b19cc,proposal
98a9d6a01af31d2da7e8729b689da4,proposal
a5a2812da557d97c04a654689a353f5,proposal
b0904bbca8c776c33715f8198d1912,puppet
bc2622ec50f7a8843a2043b4a51c389,puppet
d8d9d1aa28c384a490b866bb9f8490,puppet
95718fdf7f2c40e8b619ef9f114b6db2,purity
bf38733a14492bf88482d0c9f633fd,purity
c167bee6f449cfc7e1bbe56475fe097,purity
14954c78a29396dac747e83d528592,qualification
8612eff271647a8bd0d4e6d739a59ae,qualification
d58c7beded4751b9fc6db3ff3a7ebc,qualification
25aa6975c0a523bbff643118afbf4c0,quotation
b5b0eb657369530c542176e90deb06c,quotation
d5902d8b82e5b0aa8bbdf9faee7adfd,quotation
416084baf750baae80c87634a4be8e8,recreation
ba3df4953bd1b9c43f49d44de809e9b,recreation
c5f08e5984243f71762417451c1f7b6,recreation
226ba26ad96bc739ad7cdd5a7e12e8e5,recycling
2c40d3eaa3faa42f2ffe1d65351020,recycling
a9f579ee31862b2d7b1f7e2f466b468d,recycling
6beb4b39dd3fdc69c84cbf7be4293af,refusal
84d2dcebeaa598991aaacc1d655ad5f2,refusal
e75633687294ae7ed3249d6c8c15371,refusal
3241afdbd746da8999b20212ef17e5b,rehearsal
52add4718e654a0b2972d64ba1a4611,rehearsal
cd927d33451f77772afc88e2c1b2dd2,rehearsal
8180644521cfdd802e343370d2839dd1,repression
b7a293d7645aedf5f43f9b871bb48a,repression
d68c249998d94bddb863218e8ed42ee5,repression
2fe5e35baf916039fffec7eb3b5f8c9d,river
5ad6714f8d6ab2776f52861d477ccb,river
68bcc14e3b713a4b3c35ea6f82ca71,river
11fa5bb2268e673b8ece22fe4fdf1f,royalty
1841c312e6e68375823bd768dcd29293,royalty
382797815125a17cc6e8f89fdda1cba,royalty
2c32eca231482e793e59c41bcd36e64,sadness
7e9468f3913ec388db203a5d70c882b9,sadness
a4619e9ad75912ab6359aab7a3a847,sadness
6eaa787ed035a63c3d984ae1cad2692,salad
d29f304aace16f78d8a4fd6d960992e,salad
f516a943ce02c95fda0c022be2e5082,salad
8d8c1436a27f57762d96edd1c92526c,sarcasm
906eab3eb8dfe6dec661ccd715fbec41,sarcasm
e5c793a823f126978c65b8c27277d7f,sarcasm
16ddd843bfbce3277f8475b2fd6244a,scaffolding
a2f6b215bf35fe3ebb2929e5248828eb,scaffolding
c3881a3f33ff315ef67813dec37539e,scaffolding
801d72aab03b1a7261daeb1d4b8b2daf,science
823818797d70211a9276f2caabea528,science
d0e8efbe675d551d467cbc7b5b8b3b74,science
7693a1fce7f424ca0ac77f515d9c4ba,serenity
97d0344f688c98873064c3786e413513,serenity
e488223322b41af86b9ccb90ba2ea3a,serenity
3fdec1267ee9343258ba8617d5e466c,shelf
45d941d9d02f57cae4d62991847c83c,shelf
d6e01e3dbcc4fa959d7259bfcd358129,shelf
2c991e1679d4c486626aff8b52d4d6,simulation
44de5ef1809a884eb9cf6ebeb7fa4372,simulation
c7ca75f76fbacfc9173512ccc4cbfc5,simulation
7252a73a9cea9e40e4a21895fae02eea,spacecraft
f1ab8b9a2af9edc398e68c689955fa2,spacecraft
fdf3558273fc9e9d8d4a23a7da97088,spacecraft
c6ca3ccc94a774a0c7ac376428310c4,spirituality
d642bf649e9da9fed8dd4189fdd88a68,spirituality
edc92d4bf21e1cee6705932fff8e8de,spirituality
32859fbb1eb8ebf3de0dacb66266f,splendor
5ed07343df17bc8cd890986e6f6ee73,splendor
c878bc77d433bcec20192d5a43efdca1,splendor
183caadf5bd433ad18a7371decc3d833,sprinkler
7f783927d831c8a67927674b6d4cf0,sprinkler
eff0dff743f269ded11484c637547ce,sprinkler
72d92b1f3385bc925c1d295d4601948,stamina
e04079c38c5f421b79d4dc1ef2a6,stamina
f3510ec2b785d229dd7d814e640,stamina
8ad0554d86e9dbf8a6b74e6d0685da,statistic
f1567ac07c55c33772a95c5ef5f84f7,statistic
fde4a0de3753e4ca47648f507cb5d143,statistic
1867d14debf9ba60b9ce54dbb476bb4b,statue
eba364aee6458b6c5758d17a173646d,statue
f4e15f7621decedde56e2c8dd9bc250,statue
6d68cc47f7b819c7478b756b251e9052,strategy
767b794b2968a072bc739dbf27c0b39c,strategy
d7121f21bc217e806353e0e4be9186,strategy
81e19276a41f15b3bc2ca95de5e720,stroller
c9505196ec2cb7dd6159a6d3afacc,stroller
f7c228e452d22d438ee646b65ed173,stroller
72a52e82c7a6623b5b46a18d63f6ab5d,suitcase
73cb2fdd1f664473b4f821a794c7c2d,suitcase
7ff17cbebedf85b762a6994dba25783a,suitcase
196d7f21d4d4f52cc8f328f9d621f9a6,summertime
cc96af422cdf124944901a848ac07d7,summertime
d3d9a1b85ef257548cb3b9b4241796a,summertime
606074248ba33368673bc1b2f0b93,surveillance
71c471b939f17d81bc3f792133bd32,surveillance
f6b8babdeda7c8eef771d3ab224759,surveillance
b7ca5961a826a4e1eed8d61256187,sushi
d922e36fb7d2c2b5895e792bce2567,sushi
e922eca7ff1372d37151b141515eeb,sushi
1ee21f1d2da39e59a44f41c243e98a0,swimmer
36321f685a6eba5dc6b88edc9843770,swimmer
56a171ff7053ad05499207f6e625ce,swimmer
7b9bec7d9eb3894f36197b814f8ff48,symbol
df867ddd52bd1e8cd6b6c5bce645fe3,symbol
f4198d34706229c74e457a90398a17,symbol
a0179a65e92162a07f189b5cc3,symmetry
a9b8252af0bdf73032c86898725edefb,symmetry
b977cd6433a87793b2d62e0365078bc,symmetry
26cfa66dd441c42a4799c199f86da558,thunderstorm
2a697c9bb958d553de57182ed924c4a4,thunderstorm
58fb4618f916d0e53ca5686dbd652b4c,thunderstorm
753fe7714b18def133fcf785a9c24ca,toad
bf72d98abf5b9a3776e782beb672672,toad
e1883169c75529bd1df6f9146badf0,toad
2326e5639dbd682830c66b7a7c516add,tomato
744e780d3a76cf7be7fe14f70af0b8,tomato
bc131f07dd60d0b7686ac6d68bfb26,tomato
8025ceda5f5cdc1fb8a3f5ad1daba13e,toothbrush
9b52568473a5e71816b14fd1f8785fba,toothbrush
fba398f53a7144442b2442cb2808a9d,toothbrush
14ce2e5a40cdb49593f5181eebae144,tourism
2b79153261b975741cf6f14811291cd,tourism
d3b49410a9a45c1e35b217b65bc48bde,tourism
57cf27e2b0a8df30f63f6f281c13528,tradition
d5bb2a127913faa80284e215af22c6b,tradition
db87ba62214e40631d669dda95fd882b,tradition
31f033546ea14362fca24e9c26c3d476,transaction
52cdb7816d83a6c775868b2e812486a4,transaction
6ec4bbbf56e1fcccf82dd8aad2ac4f28,transaction
549455decf942e29deee42339b5bd46,unemployment
a810f4c6f5d47d3d10caa7327cbfc844,unemployment
e173c0db55c632543f3b79deba23051,unemployment
2dace15898e72c9a5031d91ec902fcb,visualization
5a7b36f7f3fae220b0c54f2e215c2879,visualization
de3dee564652adf3a1ba58d956faee,visualization
8c45e12ea91f44159e318eb7bc49acd0,warship
ba8136ce5fbeda5f476db570dd590d7,warship
fd5759c4257b35c13b8fa56862dec1a6,warship
840a386191fa274269210fecb7f42ec,wasp
d6e15be8ea7c9ac1ff3cc93e4cca64d,wasp
f69d7b1d8274dbfaec9f5b2557be557,wasp
43a473ddc3a8386f64e1f24741ef9c2a,waterfall
47c7e33f95d8c738e476dfb33c9698e,waterfall
c2cb5da85c72f88b747d9f4d3902491,waterfall
1929ad1b55f4975264d2ce78fb6,wheelchair
201484e9f77d25912d05bcb418d743,wheelchair
52a59864ff8a2b19a4d347f0f0eb93d1,wheelchair
6a6ba662335ad34c1498a1aa87c771,windmill
88f690f718725aaf33955dad1065ef6b,windmill
b44d456ce5639db44377a8a7f555d1,windmill
2c2a8d436fb465c6c40419326c2c48b,winner
70a651a99e74b05348fefa1bc955f0c1,winner
fd89b1f7658cc37841f5fbfc6ce5042,winner
20a14f4b641ef3cc7cbad8b122f92,witchcraft
2e2a149feb14e651cffc83a0b915c1bd,witchcraft
a11e497899a513efc6eb9545743a1cb,witchcraft
3136641b25be944077f85fc88f34128,wreath
7537a7f2beeae51776039807972d3,wreath
b9dc37adba798bfbdda55bb12c2b11c3,wreath
37a12eba41715bf6ec5483a0a7e96a7e,yacht
46239297e17dac4c5992e4a2cb1cd4,yacht
b864ac179236f1ad69c05332ab7182f9,yacht
59eb2e3f566316ff44fba6f75bb8fc0,zodiac
8c9bbead51a1aa552d79e3aea3e12d7,zodiac
d66449d3ccb751d517cbab5c718ee2,zodiac
